name,step,PR_inf,slope,PR_at_8192,r2,bias
model.layers.0.mlp.down_proj,0,63.15288647916762,25.816683012489992,49.43236037087569,0.9748651515007096,0.782741108550629
model.layers.0.mlp.down_proj,262,179.96071970397793,50.800999289692655,80.90671434546248,0.9699882687363354,0.4495798554181603
model.layers.0.mlp.down_proj,548,184.50161473518926,15.694075028012595,145.21726576884797,0.9809967270968296,0.7870785628476739
model.layers.0.mlp.down_proj,813,86.90676195263171,11.45567998558986,58.81565527616348,0.6070560533620377,0.6767673073381884
model.layers.0.mlp.gate_proj,0,14.682080479782524,-6.118196641832611,15.334026323316943,0.625590810108313,1.044404186752154
model.layers.0.mlp.gate_proj,262,96.34486601494017,69.91474543519851,56.33769078184757,0.9663197048581339,0.5847503153215378
model.layers.0.mlp.gate_proj,548,51.31074790836602,6.383974061087712,76.22201409477853,0.1012773468571283,1.4854980136111176
model.layers.0.mlp.gate_proj,813,34.5249958994661,2.7430311024217824,31.49867132292519,0.027033689494790347,0.9123439555111517
model.layers.0.mlp.up_proj,0,5.936311730840156,-62.98879774460943,6.405565247625677,0.8989041081991043,1.079047991086396
model.layers.0.mlp.up_proj,262,61.868169951523704,48.98344333826101,44.93488773296286,0.9609889925295997,0.7263005802203496
model.layers.0.mlp.up_proj,548,51.839060425753004,6.642040598234277,73.8139910224399,0.11935851856134672,1.4239068072647785
model.layers.0.mlp.up_proj,813,40.6932397120002,6.27535017074768,35.04667574266791,0.16583293318278125,0.8612407365622661
model.layers.0.self_attn.k_proj,0,3.8180986328049946,42.56819571815259,3.894530057135254,0.602173191423574,1.0200181901204863
model.layers.0.self_attn.k_proj,262,6.335831991817001,387.0724752659821,5.139810027877766,0.9963088089683055,0.8112289016684866
model.layers.0.self_attn.k_proj,548,5.441533787103519,-4.851159293733078,6.340792062235006,0.002230793048241697,1.1652582360625485
model.layers.0.self_attn.k_proj,813,6.379450963590674,-4.979443510917649,4.874693624828902,0.002149699918345349,0.7641243192635468
model.layers.0.self_attn.o_proj,0,4.511165666080275,-41.8797604306918,4.816726707356058,0.6981377446874575,1.0677343870506275
model.layers.0.self_attn.o_proj,262,18.41409500646906,25.332570763850867,23.200184876343318,0.2861071411375865,1.2599144768283672
model.layers.0.self_attn.o_proj,548,18.751666139135406,-0.5093559400352451,33.15240702548966,3.940656157641609e-05,1.7679712714327493
model.layers.0.self_attn.o_proj,813,14.857168748118477,3.6098034330066477,26.060166999512195,0.001114842093000834,1.7540466451801238
model.layers.0.self_attn.q_proj,0,1.7907376546416132,63.90768671422575,1.8451813694541035,0.45665853574336046,1.03040295415209
model.layers.0.self_attn.q_proj,262,9.00395243788666,369.0551233201856,6.104446907975992,0.9967989327176043,0.6779741397000074
model.layers.0.self_attn.q_proj,548,2.5041082705819107,-116.59752952501043,3.481255087834669,0.07117491752159144,1.3902174793047932
model.layers.0.self_attn.q_proj,813,3.153857498121144,-215.1132973857371,4.208773961163658,0.7293016479813745,1.334484504664831
model.layers.0.self_attn.v_proj,0,3.0172721691360707,-41.292213471899345,2.8469466336148908,0.3362707717919091,0.943549827137421
model.layers.0.self_attn.v_proj,262,3485.720035317355,131.096091641214,44.98202473833209,0.9888362216802621,0.012904657942282717
model.layers.0.self_attn.v_proj,548,25.210289778645002,48.86580573253092,29.993541937514077,0.5229947277703595,1.1897341205066532
model.layers.0.self_attn.v_proj,813,38.098365458541544,63.98993329800886,37.28465731678607,0.6933557078114738,0.9786419146343444
model.layers.1.mlp.down_proj,0,33.349424362397734,39.03181961740058,27.7080378907986,0.992286219445085,0.8308400645751496
model.layers.1.mlp.down_proj,262,118.68277376528756,30.043577012581984,85.31112754187006,0.8352328629181621,0.7188164283267025
model.layers.1.mlp.down_proj,548,295.9344088829533,16.664635449158133,166.8622749492648,0.9874073265223566,0.5638488460301398
model.layers.1.mlp.down_proj,813,152.65600895316044,21.551555779563806,70.79024880355577,0.797918646314853,0.4637239587815793
model.layers.1.mlp.gate_proj,0,207.63500260610863,48.323339878771634,82.63219363857262,0.9927364436379164,0.39796851494894137
model.layers.1.mlp.gate_proj,262,114.04500693255015,59.2214410884853,59.93837816395154,0.9210716426751173,0.5255677541358825
model.layers.1.mlp.gate_proj,548,76.06442715836265,6.9302968291906675,97.89880985846726,0.3979025686558936,1.2870511685396175
model.layers.1.mlp.gate_proj,813,49.86100442075187,6.834374831235997,43.30505291008704,0.5463100546882311,0.8685154543750772
model.layers.1.mlp.up_proj,0,56.14867538750007,38.141064132783434,42.13539906068989,0.9924144798429984,0.7504255224170463
model.layers.1.mlp.up_proj,262,116.63388855101383,52.96982788318819,64.81560590889094,0.9134892361304765,0.5557184683981587
model.layers.1.mlp.up_proj,548,97.11845608001093,9.777699706534614,114.33968478294952,0.7224847107593497,1.1773218953228715
model.layers.1.mlp.up_proj,813,62.51773507152582,12.817123076466066,51.802139971481786,0.6747317145893086,0.8285991153104884
model.layers.1.self_attn.k_proj,0,9.87652757535001,54.77707629671055,8.432768398171168,0.7807504093093144,0.853819151906972
model.layers.1.self_attn.k_proj,262,18.44416728190189,13.732651117264835,17.77755034270621,0.8486082602223561,0.9638575746463875
model.layers.1.self_attn.k_proj,548,19.622229968687023,20.55674128166494,18.62643136539268,0.9571462554268463,0.9492515068428293
model.layers.1.self_attn.k_proj,813,22.096986087463396,18.083158743957082,21.516128728827812,0.9592894032027083,0.9737132767185327
model.layers.1.self_attn.o_proj,0,45.37636480029818,30.150906297684585,36.18393316598427,0.973300043985005,0.7974180683100137
model.layers.1.self_attn.o_proj,262,163.6668833688825,67.17142504932286,64.03486922726542,0.9548176077910718,0.39125122877142887
model.layers.1.self_attn.o_proj,548,109.69476494127215,9.149843653490278,111.31379694247461,0.877441817066266,1.0147594281465413
model.layers.1.self_attn.o_proj,813,54.59354896331202,4.764847816662745,38.21516085400937,0.08005865195893214,0.6999940758511732
model.layers.1.self_attn.q_proj,0,2.547531433852187,63.22158899196933,2.6382650482498247,0.4081040038323963,1.035616288455541
model.layers.1.self_attn.q_proj,262,14.108510543898442,45.85770092717879,13.441572035962336,0.9450132825029368,0.9527279292976437
model.layers.1.self_attn.q_proj,548,4.379614634215826,-116.02495041466695,7.244667844776492,0.19598068508805944,1.6541792942642446
model.layers.1.self_attn.q_proj,813,4.892694546014228,-82.1580920301148,9.668141630047787,0.06905963754623579,1.9760362187179283
model.layers.1.self_attn.v_proj,0,5.9518544863258525,257.9297227683179,5.350586918095515,0.9811172183442977,0.8989781135255027
model.layers.1.self_attn.v_proj,262,50.00623975368192,159.22016499375005,25.069645848294808,0.9957395692662007,0.5013303534075255
model.layers.1.self_attn.v_proj,548,31.431341668100472,186.31112909591891,23.34474908218484,0.9801485243703815,0.7427220043195712
model.layers.1.self_attn.v_proj,813,35.09036027736067,205.86702991645558,22.271209714695573,0.982685849674144,0.6346817057066336
model.layers.12.mlp.down_proj,0,124.18966183766317,3.0664481218654114,132.60047315594778,0.6658394851341423,1.067725535232385
model.layers.12.mlp.down_proj,262,464.109853219326,5.439918259608453,404.4071620265002,0.9216323390626122,0.8713608625658462
model.layers.12.mlp.down_proj,548,963.0509374152865,9.41399542133114,388.31295891362157,0.9853810739742029,0.40321123611156756
model.layers.12.mlp.down_proj,813,1572.7069710140918,10.90490316903915,423.9243161459969,0.9860001358705084,0.26955073256440626
model.layers.12.mlp.gate_proj,0,542.2498324311083,3.837105873324484,444.30575878789216,0.986586666113633,0.8193746354810358
model.layers.12.mlp.gate_proj,262,358.23280324220053,7.206659832327683,366.3416408137671,0.7669595080735643,1.02263566456834
model.layers.12.mlp.gate_proj,548,,22.171538492967755,429.88968017626974,0.9852591945225125,
model.layers.12.mlp.gate_proj,813,,38.233045552557826,392.234232808972,0.9844559107862146,
model.layers.12.mlp.up_proj,0,344.8761333201456,3.2100253587472083,310.51779505085847,0.9905861984422022,0.9003748449087587
model.layers.12.mlp.up_proj,262,282.1550631223821,5.177472804829305,326.1756184757469,0.5971839225748968,1.1560154720111164
model.layers.12.mlp.up_proj,548,3040.798796652335,13.568485471261397,387.165732485277,0.9834222543910928,0.12732369300840096
model.layers.12.mlp.up_proj,813,,16.382139395356987,424.1858496520447,0.9838597823110755,
model.layers.12.self_attn.k_proj,0,8.29022637172188,-65.52182906615214,6.981369716261158,0.47505263276916454,0.8421205167659526
model.layers.12.self_attn.k_proj,262,42.6862100935133,21.223315158801682,35.644850311915896,0.9533992320822225,0.8350436882034784
model.layers.12.self_attn.k_proj,548,46.434964857217196,57.0233606359355,32.807977122715194,0.9932673960726758,0.7065360601347798
model.layers.12.self_attn.k_proj,813,48.789863528685295,61.52086770886847,32.30970440656716,0.9859206048924314,0.6622216597833099
model.layers.12.self_attn.o_proj,0,117.49151959386258,4.2568112298132315,124.2370109035494,0.7321175259007062,1.0574125803547714
model.layers.12.self_attn.o_proj,262,323.69442622966915,5.3705836086144485,336.70020119803723,0.7450295122722407,1.0401791749084373
model.layers.12.self_attn.o_proj,548,2345.436752965567,12.987008862423071,399.68589584296376,0.9860262304950359,0.17041000800281716
model.layers.12.self_attn.o_proj,813,,18.5017085052766,407.0971023434441,0.984132791140162,
model.layers.12.self_attn.q_proj,0,29.382445656446194,0.12477307356707387,29.674594001389497,0.012338453984245046,1.0099429553400436
model.layers.12.self_attn.q_proj,262,37.2919299839619,5.08042184834575,38.04602969729104,0.7169794971564452,1.020221525505745
model.layers.12.self_attn.q_proj,548,47.537785955770175,34.05541701558389,37.76433482930763,0.9923198698577566,0.7944066823903851
model.layers.12.self_attn.q_proj,813,46.52212379351919,27.200470725754883,38.3522185576278,0.987785078818035,0.8243866666072217
model.layers.12.self_attn.v_proj,0,5.324150830967832,-38.03734439174984,4.6201543151643465,0.20793282029273308,0.867772995515322
model.layers.12.self_attn.v_proj,262,73.16497721003611,104.47833899464743,25.84979507820978,0.9116352761426958,0.35330831859623596
model.layers.12.self_attn.v_proj,548,169.33422535810485,180.33509328218008,22.739177396826534,0.9479941125013907,0.1342857732908876
model.layers.12.self_attn.v_proj,813,,242.54939166850636,21.862339932595987,0.9631961390728019,
model.layers.16.mlp.down_proj,0,99.60704828798801,3.8618469729919283,101.77002165507054,0.8571673461355769,1.0217150633841579
model.layers.16.mlp.down_proj,262,521.4343169123935,7.33361847730948,377.5539320949231,0.9707449878322717,0.7240680558398234
model.layers.16.mlp.down_proj,548,770.4243887015127,8.653185490651301,413.8287403519461,0.9970021443234207,0.5371438734557983
model.layers.16.mlp.down_proj,813,782.7220393186,7.650906401213186,440.9993657798285,0.9959565621421521,0.5634175909544354
model.layers.16.mlp.gate_proj,0,737.0060811093539,3.7688039103585904,568.3893157508261,0.9988754469307881,0.771213875054161
model.layers.16.mlp.gate_proj,262,3433.2283578029833,10.314691237305958,620.6908067994855,0.9930235678543763,0.18078925783913846
model.layers.16.mlp.gate_proj,548,5637.415062492089,9.912151109154086,678.8896332174021,0.9986398590956481,0.12042569611989692
model.layers.16.mlp.gate_proj,813,6960.042798924956,9.633770062000828,693.2267573950624,0.9968062313019012,0.09960093312962641
model.layers.16.mlp.up_proj,0,188.17616008807687,2.0148765561187045,198.49846180260883,0.7234127532420707,1.0548544603615067
model.layers.16.mlp.up_proj,262,858.2286849048153,7.985777561518767,485.26944272814376,0.9898495728708916,0.5654313952253462
model.layers.16.mlp.up_proj,548,1167.2661956473273,8.884185256982253,507.71074794611064,0.9975154685289788,0.4349571244668411
model.layers.16.mlp.up_proj,813,1273.7681690837783,8.536007805167769,533.992661778653,0.9960863627148849,0.41922280265705963
model.layers.16.self_attn.k_proj,0,3.041935994714984,-171.8169457532858,3.1513289688177197,0.8788273277793562,1.0359616291377574
model.layers.16.self_attn.k_proj,262,27.431847742037796,5.147191832246591,27.027621232288226,0.7991521880454058,0.9852643353247359
model.layers.16.self_attn.k_proj,548,28.629720146929365,10.39284128948219,26.91566507572015,0.8563317019607515,0.940130219142465
model.layers.16.self_attn.k_proj,813,28.93662072178471,13.356419626767657,26.70411546510851,0.8444719077872707,0.9228484459833461
model.layers.16.self_attn.o_proj,0,113.56840066078301,3.8388668767298375,115.69123276507669,0.8608141127439675,1.0186921017813253
model.layers.16.self_attn.o_proj,262,615.8477458276308,7.861414374017248,405.71095202936624,0.9771644557181473,0.6587845044137264
model.layers.16.self_attn.o_proj,548,952.9689235946344,9.244858926921488,438.69036854126324,0.9966135053225355,0.4603406865425441
model.layers.16.self_attn.o_proj,813,999.5469401126103,8.508408895546783,460.30648260469167,0.9950633138525737,0.46051512353470153
model.layers.16.self_attn.q_proj,0,9.329890543620975,-15.369780259742527,10.024903656524645,0.5962696463036121,1.074493168987804
model.layers.16.self_attn.q_proj,262,27.29848283009454,17.358824704231704,24.595560279911126,0.9339908240547209,0.9009863453948568
model.layers.16.self_attn.q_proj,548,29.17993593614995,20.343760830872064,25.90003543829863,0.9512399249955206,0.8875974057986888
model.layers.16.self_attn.q_proj,813,28.716664582962817,13.319576903687386,27.16272911057171,0.9931430658036895,0.9458873272729231
model.layers.16.self_attn.v_proj,0,3.689850519160274,-69.08298821736854,3.551962850102344,0.6881642394325449,0.9626305541804685
model.layers.16.self_attn.v_proj,262,69.17021779078691,99.84407324549858,25.91938738907579,0.9232637290989119,0.3747188922763246
model.layers.16.self_attn.v_proj,548,107.33471533601924,144.91351388307297,24.54220617372113,0.9483316587807752,0.22865115071941025
model.layers.16.self_attn.v_proj,813,244.67543124172772,195.34228219713583,22.754748595744832,0.9629096348503665,0.09299972817158017
model.layers.20.mlp.down_proj,0,67.51802542551016,-4.243019089847877,62.387991946430176,0.5527492019810873,0.9240197940216759
model.layers.20.mlp.down_proj,262,449.73273596218263,9.99407388038971,275.6636533584248,0.989138880183097,0.6129499396317127
model.layers.20.mlp.down_proj,548,605.4266950676356,13.042810846497254,282.12073995119584,0.99475624699858,0.4659866210882534
model.layers.20.mlp.down_proj,813,586.1032372233866,11.265610961196236,303.03854986440035,0.994905309714761,0.5170395428969464
model.layers.20.mlp.gate_proj,0,92.65366389007553,-4.340055000875499,78.2431097409545,0.38256337096579973,0.8444685990376187
model.layers.20.mlp.gate_proj,262,561.8958542373906,13.841113743977742,331.29467057590637,0.9875970190049629,0.5896015570813243
model.layers.20.mlp.gate_proj,548,,21.21863984157586,450.21877436495697,0.9989123679854292,
model.layers.20.mlp.gate_proj,813,,16.621964841448598,493.41055541719925,0.9992695066519403,
model.layers.20.mlp.up_proj,0,106.52102505129544,0.37778831138830643,92.55546847038887,0.01529319163739784,0.8688938960718654
model.layers.20.mlp.up_proj,262,809.2630767966655,11.538554601375694,403.8481182340203,0.9950054293254731,0.499031933883091
model.layers.20.mlp.up_proj,548,,15.673451477994448,473.56528314372133,0.9986147452926335,
model.layers.20.mlp.up_proj,813,6367.279465275876,13.365006720729903,511.18711238146506,0.9984903753286699,0.08028344211515095
model.layers.20.self_attn.k_proj,0,5.667619870562689,-37.356488391342225,5.9058546839880375,0.9649209046672977,1.0420343669593524
model.layers.20.self_attn.k_proj,262,35.270357828937065,11.673241510102491,33.38629842705275,0.8245960918437553,0.9465823564642555
model.layers.20.self_attn.k_proj,548,39.64148553096223,18.699799437405414,38.33884370743593,0.9108487313145032,0.9671394296636824
model.layers.20.self_attn.k_proj,813,41.28048331205295,19.004401579976964,37.779409093075884,0.997693021439317,0.9151881485371361
model.layers.20.self_attn.o_proj,0,82.62311731431494,-2.7740356004297175,74.27642335507296,0.3559693591018789,0.898978709221422
model.layers.20.self_attn.o_proj,262,469.7146837506093,10.8583647174579,285.92638857522513,0.9864970192399489,0.6087235474355218
model.layers.20.self_attn.o_proj,548,1073.3873232672865,15.502879967955806,314.33696300482046,0.9952176279770443,0.2928457940494484
model.layers.20.self_attn.o_proj,813,906.5680261758373,12.969513401429902,338.5779769436996,0.9953130835967637,0.37347222400057295
model.layers.20.self_attn.q_proj,0,43.27801421915927,8.152510274908376,42.73620532008052,0.8807429206328143,0.9874807356840581
model.layers.20.self_attn.q_proj,262,52.47644612010728,42.863432244652145,36.95809916488696,0.9768035194835706,0.7042797654455836
model.layers.20.self_attn.q_proj,548,53.402268196202776,48.9739674273352,36.68693198192514,0.9836976009864926,0.6869920177760128
model.layers.20.self_attn.q_proj,813,50.7919744851473,47.63443135843598,34.7286949036824,0.9737493553819745,0.6837437460486566
model.layers.20.self_attn.v_proj,0,4.656540737136482,-50.389849314331244,4.453915322596043,0.37888681880851693,0.9564858494795337
model.layers.20.self_attn.v_proj,262,47.54523813505255,126.38746072258691,19.19575036064274,0.9187363513491118,0.4037365488867064
model.layers.20.self_attn.v_proj,548,40.34617022896916,123.77439707655553,18.237237527140334,0.925995763620934,0.45201904972992263
model.layers.20.self_attn.v_proj,813,50.4796794284305,148.73445630121424,18.22465394716905,0.9327357224958537,0.36102951035986175
model.layers.23.mlp.down_proj,0,72.9636706765552,3.4839362623125,72.68910678255165,0.7628896144843222,0.9962369780541788
model.layers.23.mlp.down_proj,262,100.38697806366852,6.915972393988962,90.33773774786748,0.9871783213790534,0.8998949813049706
model.layers.23.mlp.down_proj,548,97.96648332585085,7.096432820549205,90.52423421767304,0.9607873490149653,0.9240327012308506
model.layers.23.mlp.down_proj,813,97.88381386974467,6.6116807979686945,91.88574350346504,0.9495941031709699,0.9387225514704469
model.layers.23.mlp.gate_proj,0,59.005483021400586,-10.260125300893195,56.649766872238565,0.8503865830290186,0.9600763178515523
model.layers.23.mlp.gate_proj,262,651.5525280282678,7.8218021003728895,370.1980261238268,0.996385060189368,0.5681783282218585
model.layers.23.mlp.gate_proj,548,630.4865847152909,8.088212903361944,363.1803672623328,0.9976019049921162,0.5760318713622342
model.layers.23.mlp.gate_proj,813,610.4814580244794,7.677507095854149,369.36708217261395,0.9984751158590506,0.6050422618368909
model.layers.23.mlp.up_proj,0,29.499011902185654,8.619612932762129,28.611769384010895,0.8990035013665401,0.9699229750095792
model.layers.23.mlp.up_proj,262,36.61605122876175,10.652403626912603,34.14874493131901,0.9442989989816998,0.9326168110802543
model.layers.23.mlp.up_proj,548,36.34823075599289,11.116217383677204,34.59852817863867,0.836315505129937,0.9518627855892067
model.layers.23.mlp.up_proj,813,36.076402640994324,8.009554370957765,35.36900890899339,0.6808133328157842,0.9803917885316784
model.layers.23.self_attn.k_proj,0,11.401099953357381,-44.059642933993395,10.780138261444971,0.7500642484105501,0.945534931326556
model.layers.23.self_attn.k_proj,262,49.35340183482383,38.328443686615735,35.998105510035145,0.9626898900413556,0.7293946145903732
model.layers.23.self_attn.k_proj,548,40.30266852867326,22.164718420422105,35.396081279541654,0.9616533650254692,0.8782565167951392
model.layers.23.self_attn.k_proj,813,45.46055908696795,25.17216368205799,37.53487643809472,0.9430244620050261,0.8256580471500347
model.layers.23.self_attn.o_proj,0,205.9754682457115,3.1033084473829184,174.4722887442093,0.8856153274458485,0.8470537303795733
model.layers.23.self_attn.o_proj,262,309.9179729767417,9.781655823473026,203.29253224180687,0.9871646634858368,0.6559559301746701
model.layers.23.self_attn.o_proj,548,355.68226378583137,10.69153256527037,224.89864190399032,0.9938834042354914,0.6323020988176391
model.layers.23.self_attn.o_proj,813,355.47859505735954,9.558926165194228,238.61699507118482,0.9944739129861596,0.6712555928513274
model.layers.23.self_attn.q_proj,0,4.683826981300894,-175.13394795925805,5.202337231237746,0.9208310032694808,1.1107022637699655
model.layers.23.self_attn.q_proj,262,37.874441390667954,25.18146933835582,31.220978185243755,0.9506463538595795,0.8243284135389631
model.layers.23.self_attn.q_proj,548,37.54365715855367,19.2404145558057,32.61920320723172,0.9615299688675962,0.8688339303087845
model.layers.23.self_attn.q_proj,813,40.494606089873145,18.62644141325573,36.13767638660645,0.9899785770340979,0.8924071592745714
model.layers.23.self_attn.v_proj,0,21.82507847667878,-13.378011368671581,20.614684231777517,0.612799079547524,0.9445411274834759
model.layers.23.self_attn.v_proj,262,69.2295978193669,27.902864398978647,51.437536254738305,0.9845022870428126,0.7429992066247236
model.layers.23.self_attn.v_proj,548,60.36964664223503,26.03676198495006,49.593983301185496,0.9629357627324534,0.8215052772313097
model.layers.23.self_attn.v_proj,813,67.059297274883,26.845778148388185,52.916028272241874,0.9740925678028016,0.7890930925704992
model.layers.4.mlp.down_proj,0,168.8947606443058,22.51110591450119,108.88399054996515,0.9972741560900198,0.6446854250220113
model.layers.4.mlp.down_proj,262,33.01925037784442,-21.37081554864994,61.92619162756517,0.19814535502687258,1.8754572232541356
model.layers.4.mlp.down_proj,548,,31.129596815588837,263.4925957927463,0.9990640070932615,
model.layers.4.mlp.down_proj,813,,47.674042632845406,181.06655400887715,0.9968621935378776,
model.layers.4.mlp.gate_proj,0,86.33101752419363,21.19352465251238,72.652012760386,0.9943270533903854,0.8415516791520014
model.layers.4.mlp.gate_proj,262,35.90072722981452,-16.50820515685664,66.91560533977996,0.1356546549886426,1.8639066810938714
model.layers.4.mlp.gate_proj,548,,47.81676709031038,212.9026623295139,0.9979612393134606,
model.layers.4.mlp.gate_proj,813,,76.46069044125575,125.3580995057816,0.9953502119196795,
model.layers.4.mlp.up_proj,0,3310.636384103489,21.401047394707614,301.94725549141333,0.9974144232350296,0.09120520058960803
model.layers.4.mlp.up_proj,262,40.54221259419559,-12.360771991996343,74.06325372211897,0.09986930807277195,1.8268182465384875
model.layers.4.mlp.up_proj,548,,45.899747941330524,227.54449811340393,0.9965023933669055,
model.layers.4.mlp.up_proj,813,,71.59200394656395,136.74364202773108,0.9939445006319534,
model.layers.4.self_attn.k_proj,0,9.693465226506028,299.3201506803301,6.550689051365844,0.9862638332505553,0.6757840357701489
model.layers.4.self_attn.k_proj,262,48.281744905835204,193.90046839639774,16.723504304070392,0.9657259114227559,0.3463732376840679
model.layers.4.self_attn.k_proj,548,100.8088697482486,213.15211447101808,24.252415950502336,0.9936667278035775,0.24057819526266125
model.layers.4.self_attn.k_proj,813,90.95142463972937,272.53417986682126,21.53336013420156,0.999541348999115,0.23675671073320784
model.layers.4.self_attn.o_proj,0,62.21258736822881,28.36321410265886,49.81801009881202,0.9978746285853709,0.8007705868901612
model.layers.4.self_attn.o_proj,262,42.14179598779215,-13.176752475859772,76.84872316012768,0.13046167116351504,1.823574941665742
model.layers.4.self_attn.o_proj,548,,33.48875831289099,241.13879297955395,0.9982608143100957,
model.layers.4.self_attn.o_proj,813,,50.26913429579102,146.4569903003734,0.9933715627997817,
model.layers.4.self_attn.q_proj,0,15.159179200136457,140.67783963029376,11.567930088704605,0.99152235304407,0.7630973904313022
model.layers.4.self_attn.q_proj,262,21.31195597762395,12.081871361229997,21.000406635331526,0.8695477517006275,0.9853814758898936
model.layers.4.self_attn.q_proj,548,20.9981490013802,24.975996774136455,22.322407009646117,0.6071540200158947,1.063065463921552
model.layers.4.self_attn.q_proj,813,21.260267580725124,46.79245811913068,21.25681158374111,0.8363100638114519,0.9998374433919569
model.layers.4.self_attn.v_proj,0,4.63123028169607,522.3702283529736,3.4878270306090586,0.9709574620493698,0.7531102576336867
model.layers.4.self_attn.v_proj,262,,458.2062781624757,16.29841784312542,0.9901149159796657,
model.layers.4.self_attn.v_proj,548,,464.8204740077296,17.457170606001633,0.9915786883033874,
model.layers.4.self_attn.v_proj,813,,460.87460777344245,16.922133449601997,0.9951568638112088,
model.layers.8.mlp.down_proj,0,122.55070128199634,3.580960068292183,128.15187111558186,0.6875216803005266,1.0457049186580898
model.layers.8.mlp.down_proj,262,107.07478148707496,0.6896183519366804,159.0745560294477,0.0038178719668469085,1.4856397913700123
model.layers.8.mlp.down_proj,548,,23.991538053226144,360.37165695836455,0.9905114857400514,
model.layers.8.mlp.down_proj,813,,36.605159400394804,329.62307936810527,0.9890161683098003,
model.layers.8.mlp.gate_proj,0,426.9873017370081,4.978171557073723,369.0345204880889,0.9496954041824244,0.8642751645935041
model.layers.8.mlp.gate_proj,262,20.443490033991893,-39.65858181484665,37.52773996692291,0.261661034763663,1.8356816719906734
model.layers.8.mlp.gate_proj,548,,52.78607559707503,253.70889301032116,0.994914017643088,
model.layers.8.mlp.gate_proj,813,,88.12853846738186,189.5714208519731,0.9960843849214912,
model.layers.8.mlp.up_proj,0,568.0742452024392,5.182883466305417,454.60637334122276,0.965366235777191,0.8002587288202425
model.layers.8.mlp.up_proj,262,31.625963117463904,-23.569549458552405,59.29709831967222,0.21570080915204803,1.874949961189586
model.layers.8.mlp.up_proj,548,,32.31274811706525,312.53530819152706,0.9984040857198391,
model.layers.8.mlp.up_proj,813,,52.43069816835335,243.93755700613113,0.9992046277258138,
model.layers.8.self_attn.k_proj,0,3.149303428472776,-250.0933463516652,2.9248264567690154,0.7352714819393411,0.9287217072593673
model.layers.8.self_attn.k_proj,262,34.224182293174735,24.891716559727147,29.270277107964144,0.9330703337444003,0.8552513207540231
model.layers.8.self_attn.k_proj,548,32.95941765068693,26.124842067517047,29.18524886469516,0.9619974455183942,0.8854904286844064
model.layers.8.self_attn.k_proj,813,29.46835592357273,27.01662575143619,26.189186880255487,0.9816931320285208,0.8887223619864681
model.layers.8.self_attn.o_proj,0,112.51690744581282,3.5406928528599746,118.48371619881355,0.646975612629601,1.0530303301828154
model.layers.8.self_attn.o_proj,262,38.39808503051793,-13.327131957633727,62.905086691294144,0.17861801067296956,1.6382349963884553
model.layers.8.self_attn.o_proj,548,,32.40106774779902,272.1315853469516,0.999378477624846,
model.layers.8.self_attn.o_proj,813,,50.19378135134479,237.64461907490679,0.9979766102118598,
model.layers.8.self_attn.q_proj,0,17.252972897530103,20.78079835075459,16.259987592250717,0.9181009128361723,0.9424455535184003
model.layers.8.self_attn.q_proj,262,35.07870440193806,12.133070900729901,33.85116755277897,0.9922988785468208,0.9650062090351526
model.layers.8.self_attn.q_proj,548,47.64719841367148,32.86853353750509,39.53197576958963,0.9990980725481563,0.8296810113865302
model.layers.8.self_attn.q_proj,813,50.34498730034803,41.337652693290046,39.31587154715141,0.998565885691749,0.7809292176915421
model.layers.8.self_attn.v_proj,0,5.652756932135503,43.61144971731427,4.541193746250379,0.18106497274473043,0.8033591043750757
model.layers.8.self_attn.v_proj,262,28.46678362607129,112.41172367542447,13.592653307217846,0.7924254828359956,0.47749171405402546
model.layers.8.self_attn.v_proj,548,24.786480388621,144.37083040161656,10.769869703879893,0.7618987519537264,0.43450580861105775
model.layers.8.self_attn.v_proj,813,30.597009070937702,182.94957709733865,11.44088268451363,0.8538581395832096,0.37392160318639284
