,R_over_ratio_shuf
0,0.5539411210094074
1,1.1087656903139889
2,0.6709867552239409
3,1.1658638389014764
4,1.0627578451792783
5,0.7677859451612374
6,1.0885422331388448
7,1.2932773325823919
8,1.1084094015365373
9,1.081270147256919
10,0.8311450246850198
11,0.95860028897398
12,1.0072563764254747
13,1.0015745320306433
14,0.859312151052874
15,0.7781844834818382
16,0.875761676938427
17,1.0604587088609752
18,1.1915146919182975
19,0.9791865450567462
20,0.8834078441731281
21,0.8617105531250112
22,0.749339345916256
23,0.955267128103687
24,1.0974535344221241
25,1.0423643301590129
26,0.9603293977258547
27,1.0343374416895161
28,0.8985998734499189
29,1.1313092302023364
30,0.8201980207048989
31,0.9617218548984543
32,0.988505932643361
33,0.9780274448295064
34,1.0132519165520906
35,0.8466315942388861
36,1.0059829252670451
37,1.215149195357939
38,1.0182102882370685
39,0.9957838760315134
40,0.9717186410183709
41,1.0238659261788936
42,0.9949593781616957
43,1.3371266224555134
44,1.2646171795667307
45,1.063049311144056
46,0.9605905803260335
47,1.0449999619108667
48,0.978785334180878
49,2.1766829727554065
50,1.0209684062339999
51,1.4390839355504899
52,0.8123687717128563
53,0.9483280600820024
54,0.976544668257735
55,0.9505514307082488
56,0.8628787372987021
57,0.719382794943184
58,0.9903369257327013
59,0.8311327518355481
60,0.8290042341889224
61,0.8199105030859442
62,0.9741893534634536
63,0.731940456722907
64,1.0494799242254835
65,1.0721404804276322
66,0.9948017445051895
67,1.0321829947448524
68,1.007411391976369
69,1.0081683710172153
70,0.9192834597179406
71,0.8139113988356677
72,1.0056764100620528
73,1.1288512612879908
74,0.94222922333098
75,0.9855305581781106
76,1.0223023925658172
77,0.9725396606732006
78,1.0772831432957382
79,0.7348659225120747
80,0.9978595212425433
81,1.0196021414019527
82,0.945676564989705
83,0.9812137024319996
84,1.0179319155747304
85,0.9976823647161813
86,1.0078801926857852
87,0.9890774388461082
88,0.9866424340547778
89,1.0122173088168378
90,0.992679224243194
91,0.9026804323138822
92,1.1610961911584334
93,0.9090222203830889
94,1.0181142347693797
95,0.9993782269437277
96,1.0085858538952517
97,1.0665255671073768
98,1.0894990859621712
99,1.0287301997877827
100,1.0545123369326963
101,1.0025029233733296
102,1.0070168390815475
103,1.036719598809302
104,0.6322795323576301
105,1.059659229574724
106,0.7190449134483318
107,1.0273004288857033
108,1.1178302422403683
109,0.9942868252645359
110,1.0896195035899012
111,1.0443628556053988
112,1.0180404176845148
113,0.8687555760181388
114,1.0178377271509034
115,0.9106539736895181
116,0.9142251538251475
117,1.0270185004797476
118,1.5536598886438058
119,0.7002220243867063
120,1.567111600990968
121,1.13023901830488
122,0.9137304197494213
123,1.3815913111864697
124,1.0791180315405118
125,0.9557023942542472
126,1.2203896618887518
127,1.04299032592652
128,0.967236248723577
129,0.9607040038438205
130,0.9401594156734487
131,1.0064273262958832
132,0.6591712315367978
133,0.8819798367440735
134,1.2752350004275863
135,0.8244220866064489
136,1.028913522947742
137,0.9759347359303578
138,0.9574084639983041
139,0.9874942527348116
140,1.0972737291361305
141,1.1077629808212839
142,1.0867667903774691
143,1.052989226960275
144,0.9283836522921912
145,0.9641310604965992
146,1.1474677650059848
147,1.2158934006609523
148,0.7881541243244488
149,1.103753328340682
150,1.0167871826473012
151,1.0461573760631369
152,0.9779591478043905
153,1.008362722889633
154,1.0406342044320103
155,1.0706804850442266
156,1.1870305845918796
157,1.0449011938397401
158,0.9643921548561174
159,0.9708657120173976
160,0.8994363764452143
161,0.976995860732307
162,1.2374188372610835
163,1.0469616485052102
164,0.793121041410899
165,0.986645754687535
166,1.0191373242900073
167,1.0361840847271413
168,1.1316551891580973
169,0.9292208124268344
170,1.0231726628114424
171,0.8601618993020257
172,0.9702333775583798
173,0.8776362049257073
174,1.2379144371579942
175,0.6847524815830883
176,0.8649664503374286
177,0.7415890715749365
178,0.8237746088770275
179,1.1409729201288057
180,0.953321499181155
181,0.9809203603560762
182,0.900276747734581
183,0.872297560821908
184,0.8956656824262729
185,0.9102217579141306
186,0.9315737437343593
187,0.986077312587289
188,0.7995433693599727
189,0.8976391035997582
190,1.129012814028655
191,0.7962368106256663
192,0.9593214951084289
193,0.9350295152994351
194,0.9709505065085259
195,0.9472117526654333
196,1.1260691769158253
197,1.0011035949363363
198,0.9957081666907345
199,0.9989454666846066
200,0.9562292888348566
201,0.9571378452961747
202,1.3273892453107108
203,1.1877983124942182
204,0.9016210455818038
205,1.0748494231876273
206,1.0645474215767314
207,1.0219069633136355
208,0.9554941014547598
209,0.9595006869879058
210,1.071528181953992
211,0.9900564207195168
212,1.135262364324468
213,1.0832417116294455
214,0.9891336611880455
215,0.9967374326653714
216,1.130326651296025
217,1.0154410455325311
218,1.0499369485460273
219,0.9921626305363425
220,0.7900737277604741
221,0.993734392729934
222,0.9792717774982153
223,0.9772515820299257
224,1.1206019473701312
225,1.0645204057828161
226,0.988198499415561
227,0.86372675738467
228,0.890490437616296
229,0.7707065951053387
230,0.9131430708052045
231,0.9075627973539114
232,1.1936571855353952
233,1.1490020268903662
234,0.8489825703327866
235,0.9094218646328919
236,1.0806456847818373
237,0.9922055140568014
238,0.8546766218072696
239,1.071630342005263
240,0.9860543785775984
241,1.3488645040408134
242,0.9599802641990203
243,0.9357707452094957
244,0.8040624446879197
245,0.9368645961782892
246,0.8185696026809758
247,1.1245036629066167
248,1.039081571542034
249,1.1213660827752703
250,1.2286137848742267
251,0.8613940730385443
252,1.0258231883174693
253,0.9440226599042446
254,0.9231287058619199
255,1.0010842427354254
256,0.953450220866397
257,1.0026693490017229
258,1.0235346055477044
259,0.9738821701324192
260,0.9861691967104386
261,1.0052280048759072
262,1.007273841236671
263,1.000481369429085
264,0.9814701382514999
265,0.9359664509769589
266,1.0640883042537161
267,0.9609475977077201
268,0.9086323054597419
269,1.0143518545349366
270,1.0302684515506755
271,0.9869536735030253
272,1.1085959100135456
273,0.8543370678824628
274,1.0231513903634082
275,1.1858169716395377
276,0.8293683270549771
277,1.0162549489947363
278,0.9054218193759984
279,0.9810006442332857
280,1.0304884689757823
281,1.0304140854570603
282,1.0496060550727166
283,1.3749648341112788
284,0.9363132690760476
285,0.8875680144904672
286,1.0060260770103056
287,1.15833649691934
288,1.0540089737466705
289,1.3412190063047589
290,0.7398007605840328
291,0.9284523608331728
292,1.0366991975790674
293,0.9998955835242732
294,1.0974945855401084
295,1.012593164922696
296,1.1425422825123277
297,0.9087333313583379
298,1.0042369744827577
299,0.9616217669976898
300,0.9876753683824528
301,0.8595176171678977
302,1.1054519211624454
303,0.7265620816756336
304,1.0403848255404442
305,1.129369528210648
306,0.9676834070078897
307,0.9944640601151805
308,0.9759542019930808
309,0.9554019303082395
310,1.0697288159320992
311,1.0082228948163239
312,0.9623586880545854
313,1.0316471967706609
314,1.1474244992450737
315,1.096510839995457
316,0.8879959629708267
317,1.0569909184515
318,1.0331756761586928
319,1.0240069566309635
320,0.994177419167627
321,0.9701387103202219
322,1.118054025663832
323,0.9562682970147948
324,1.1347330183849327
325,1.0980061186229282
326,0.9669442937561185
327,0.9809681303472897
328,1.0432729830624248
329,0.918635164745791
330,1.1222797862335019
331,1.0532421284306053
332,0.7494052721231387
333,0.9674648386337362
334,1.0379448849673696
335,1.06547596602213
336,1.0451976487436552
337,1.035537808528957
338,1.0073896196767957
339,1.270909445869846
340,1.002697882562918
341,0.9163017581348128
342,1.092571729149112
343,1.066528920453556
344,0.8238972416212423
345,1.3475316883762698
346,0.7463149414201228
347,1.046071634418906
348,1.0252679956306865
349,0.9981793346127903
350,1.0789092128205005
351,1.0643355580138179
352,1.2126518928657326
353,0.8757156002437317
354,1.0261918236895526
355,0.9218616724431937
356,1.0898330855684861
357,0.9909175882666866
358,1.1513010943377913
359,0.7120962840984365
360,0.9880128588864946
361,1.0921207769150687
362,0.981179998946981
363,0.9923239877159397
364,1.049172893532632
365,0.9215280425613922
366,1.0803950059122092
367,0.9675745026765775
368,0.9639453480135464
369,1.0019784056866163
370,1.206120625776019
371,1.0849138809214045
372,1.0304976014903922
373,1.0940946241537866
374,1.0475978267133708
375,1.0029661030541344
376,0.9639633075331134
377,0.9368242529460493
378,1.1022447224997982
379,0.982067110828987
380,1.0890038568502358
381,1.0458264955247825
382,0.9846161763982516
383,0.9821147604322065
384,1.0515158152820463
385,0.9918028565735835
386,1.0209028445075001
387,1.0322466259726226
388,0.7724594093187088
389,0.9804545165587931
390,0.9671585090013578
391,0.9960417204449915
392,1.0162266381939347
393,1.0303112810214246
394,1.0063881784274165
395,0.9551879189854009
396,1.0340347005585544
397,1.041621333107068
398,1.3098719040066498
399,1.0975903274017673
400,0.8963866678892592
401,1.4141167161402812
402,0.7325059156874155
403,1.4195369566082991
404,0.9308426023439171
405,0.9961517467274024
406,1.0241076585014068
407,1.074797410624959
408,1.2869731241285929
409,0.8536745196977731
410,1.0263103531203848
411,0.945812130330972
412,1.107546199031319
413,0.9725604114835932
414,1.1497192609117146
415,0.7280331483196187
416,0.9813849614301786
417,1.2307699033677861
418,0.9862516440873077
419,1.0194211865118483
420,0.9562326264476333
421,0.9532515285117682
422,1.0853258652795956
423,1.0000217493423593
424,0.957273073294138
425,1.019639862169641
426,1.1610680051128048
427,1.037028590426715
428,0.8707776444722717
429,1.033864262332038
430,1.0445609855281663
431,1.032687526006262
432,0.9795639300565225
433,0.9305142228903974
434,1.1198715809513462
435,0.9731131814269578
436,1.1226588749504312
437,1.1068239468185137
438,0.9676019303629211
439,0.969064239084349
440,1.0056469436670965
441,0.9080740634958445
442,1.0957894771091132
443,1.0303287730298434
444,0.7375713222083607
445,0.9633393316766083
446,1.0067008958292853
447,1.100904231272441
448,1.0014433771067213
449,0.8849650501412792
450,0.9920103647223182
451,0.9482658479225953
452,0.8419759941986976
453,1.121005865852548
454,1.2713295044835735
455,0.7011102547629002
456,0.978887067102921
457,1.0679619481117535
458,0.9374241812873807
459,0.9475510283323597
460,1.4683342895646918
461,0.9971437514376098
462,0.7863487358662719
463,1.0453000060436821
464,1.0129125992164676
465,1.2480352553344354
466,0.9801820968706497
467,0.9460670971760128
468,0.7997146101221948
469,1.0153359669789386
470,0.837885692335046
471,1.1221715239722119
472,0.9842986920946618
473,1.0187333712561675
474,1.0475276658110293
475,0.9173301607741846
476,1.0394520277528354
477,1.065917652177956
478,0.898484233567763
479,0.9657505730517413
480,0.9284796316281099
481,1.0646646240655098
482,1.0869767307711593
483,0.9793118001546587
484,0.9582106981355186
485,0.9522668777879507
486,1.008500763140746
487,1.017059383904848
488,0.9955793767655452
489,0.9654214350945829
490,1.0043734743241732
491,0.8940777807704565
492,0.8914689487233225
493,0.9636269894252062
494,0.977733803506791
495,1.009060525385486
496,1.065769558956961
497,0.8167699794791731
498,1.0925419027989882
499,1.2296162238710195
500,0.8605731828123485
501,1.0309584982417113
502,0.941448529023361
503,0.9622272973893782
504,1.076760495966206
505,0.688316363999987
506,1.024247181976893
507,0.8236836012994254
508,1.0894587139422596
509,0.9143979171659761
510,1.0874469904303987
511,1.0382856226887587
512,0.8808186654100607
513,1.5042735496436794
514,0.7493307535672559
515,0.9583874157090957
516,0.8552144370457789
517,0.9995286260709006
518,1.0516629929623815
519,1.0630497742916027
520,1.2762541409880093
521,0.8492069372917134
522,1.047795492145745
523,0.9774380605621704
524,1.08671601018769
525,0.9027320953381033
526,1.1510159703943221
527,0.7879183361420896
528,0.9842345394201597
529,1.2967975171284334
530,0.9946642871510188
531,0.9702725860107946
532,0.9583628815777453
533,0.9648698721967166
534,1.107096039745841
535,0.9886367371386603
536,0.9453830321323415
537,1.0400693379778199
538,1.186069245140185
539,1.0536758789909164
540,0.9638199674880017
541,1.079692845272138
542,1.0453358290960866
543,1.0267347466049814
544,0.980733131402981
545,0.9317560216035298
546,1.081692370302447
547,1.045088268430477
548,1.112018884753653
549,1.091883424036099
550,0.9813060650606048
551,0.9749041550456533
552,0.9780279047866879
553,0.8764019141244559
554,1.0371035267221989
555,1.0924136663908335
556,0.7501619309751046
557,0.9664036175925713
558,1.0082217209532514
559,1.0144896180025467
560,1.0451973081758958
561,0.8124869064583065
562,1.049562515679892
563,0.8064315674107208
564,1.1510244439523372
565,0.96114904328526
566,1.0039219160626074
567,1.0013418781936243
568,1.0038150223765783
569,1.5450575849631425
570,0.7401523461473176
571,0.8332504371473264
572,0.851193505323542
573,0.9979117938142679
574,0.9578566084042905
575,1.1293600370507189
576,1.298921617694872
577,0.8568508219647458
578,1.0607410981703393
579,0.9717149881188607
580,1.0569587366292248
581,0.8812577156763626
582,1.158354407644264
583,0.7784258579370537
584,0.9796152957265105
585,1.3604633707595697
586,0.9908285525678424
587,0.9789188152911689
588,0.9371822317504144
589,0.9515719976816726
590,1.0861472054451518
591,1.0210706074872435
592,0.9509755030762547
593,1.0297350071960538
594,1.1439830747641642
595,1.0431487230832577
596,0.8558449498720421
597,1.0701595479745527
598,1.045046615592906
599,1.0319243024640907
600,0.9930150083419604
601,0.9405472597943353
602,1.146674873614343
603,1.0352826901099386
604,1.1196797795855973
605,1.1086493460139575
606,0.9746707379062679
607,0.978915744768169
608,0.9726787926689667
609,0.9474874904213474
610,1.066272677573515
611,1.0457380938710186
612,0.7352450264113709
613,0.9655720693548324
614,1.0065856611308903
615,1.0984323061577632
616,1.0435913681352549
617,0.8674252909280934
618,1.0660575705565751
619,0.8334761159352451
620,1.1993048492474208
621,0.9523045614788817
622,0.9971059429773371
623,0.9102392649345366
624,0.9589381910431318
625,1.539224977626414
626,0.7417290522866444
627,0.8189930710231038
628,0.8406665994215783
629,0.9989144425515062
630,0.9522944463501907
631,1.1163216732418486
632,1.2930289583044543
633,0.8415284075624251
634,1.05554464462275
635,0.9643151579862786
636,1.0899554418412187
637,0.8710259850768411
638,1.160185853933248
639,0.8087005974129936
640,0.9776751283824863
641,1.3380469823276049
642,0.9994747292789599
643,0.9729079298464592
644,0.9507733552910289
645,0.9421167699994468
646,1.0898142374452888
647,1.0143588234875143
648,0.9476702976244732
649,1.0420911504725463
650,1.1521377686786076
651,1.0476963813378006
652,0.8870887380077245
653,1.0689986913753506
654,1.0461687557448631
655,1.0258385101343368
656,0.9904860688947195
657,0.9376076638156308
658,1.1202040019187698
659,1.0591544827401085
660,1.1179275025250803
661,1.0836623438518882
662,0.9826967335938848
663,0.982065065225606
664,0.9716904528163378
665,0.8739051601313077
666,1.016740920062242
667,1.070285583897613
668,0.7454592467806106
669,0.9703095430937052
670,1.0239413700009117
671,1.0338551317305422
672,1.0049818583757382
673,0.9117706265754049
674,0.9935239253714601
675,0.7850833129215953
676,0.8000772457311112
677,1.061268145120244
678,1.2547058392034982
679,0.8499595769496254
680,1.1549975662496113
681,1.1452011047921857
682,0.8139216406812246
683,0.9651544817941637
684,2.2785322803643338
685,0.9955143477869004
686,0.7837086355555624
687,1.0008417997503147
688,0.9684516459901211
689,1.2774456125726892
690,1.0354800704887541
691,0.9402861998242751
692,0.7323539817572575
693,1.0205781928651114
694,0.8371383587930109
695,1.0955624307812637
696,0.9952277000048227
697,1.0790903862682208
698,1.0381053056313445
699,0.9485593780664747
700,0.9622427446768401
701,1.0571428324836771
702,0.8857613680388077
703,0.939903136452353
704,0.9323303391624655
705,1.0497432997289566
706,1.0687002236885574
707,1.0272864569707854
708,0.9197394970091919
709,0.9610217065324234
710,0.9968927279758338
711,1.0113376201393693
712,0.9825502901619587
713,0.9586218366616589
714,0.9879577057006361
715,0.8836886556721771
716,0.8635656758697968
717,0.9391106451335597
718,0.981127778001928
719,1.0277067846957195
720,1.0698374470993328
721,0.8330101238114763
722,1.082320620193043
723,1.201041696006257
724,0.8836468823653665
725,1.0287877251433046
726,0.952107245817614
727,0.9606575547980862
